{"cameraMode":{"drawMode":0,"name":"Shaded","section":"Shading Mode"},"sceneLighting":true,"audioPlay":false,"sceneViewState":{"showFog":true,"showMaterialUpdate":false,"showSkybox":true,"showFlares":true,"showImageEffects":true,"showParticleSystems":true},"in2DMode":false,"pivot":{"x":1.3494360446929932,"y":-46.05292510986328,"z":0.9290225505828857},"rotation":{"x":0.7002991437911987,"y":-0.0010771951638162137,"z":0.0010509685380384327,"w":0.713857114315033},"size":63.24469757080078,"orthographic":false}